state,state_abv,year,population,pg_services_spend_per_capita,year_online_legalized,years_since_online_legalization
Alaska,AK,2020,733017,,,
Alaska,AK,2021,734420,,,
Alaska,AK,2022,734442,,,
Alaska,AK,2023,736510,0.0,,
Alaska,AK,2024,740133,0.0,,
Alabama,AL,2020,5033094,,,
Alabama,AL,2021,5049196,,,
Alabama,AL,2022,5076181,,,
Alabama,AL,2023,5117673,0.0,,
Alabama,AL,2024,5157699,0.0,,
Arkansas,AR,2020,3014546,,2022.0,-2.0
Arkansas,AR,2021,3026870,,2022.0,-1.0
Arkansas,AR,2022,3047704,,2022.0,0.0
Arkansas,AR,2023,3069463,0.1,2022.0,1.0
Arkansas,AR,2024,3088354,0.06475941553332293,2022.0,2.0
Arizona,AZ,2020,7187135,,2021.0,-1.0
Arizona,AZ,2021,7274078,,2021.0,0.0
Arizona,AZ,2022,7377566,,2021.0,1.0
Arizona,AZ,2023,7473027,0.4,2021.0,2.0
Arizona,AZ,2024,7582384,0.4352193188844036,2021.0,3.0
California,CA,2020,39521958,,,
California,CA,2021,39142565,,,
California,CA,2022,39142414,,,
California,CA,2023,39198693,0.2,,
California,CA,2024,39431263,0.23838952356154558,,
Colorado,CO,2020,5787129,,2019.0,1.0
Colorado,CO,2021,5814036,,2019.0,2.0
Colorado,CO,2022,5850935,,2019.0,3.0
Colorado,CO,2023,5901339,0.0,2019.0,4.0
Colorado,CO,2024,5957493,,2019.0,5.0
Connecticut,CT,2020,3579918,,2021.0,-1.0
Connecticut,CT,2021,3606607,,2021.0,0.0
Connecticut,CT,2022,3617925,,2021.0,1.0
Connecticut,CT,2023,3643023,1.2,2021.0,2.0
Connecticut,CT,2024,3675069,1.3605186732548422,2021.0,3.0
DC,DC,2020,670917,,2019.0,1.0
DC,DC,2021,669256,,2019.0,2.0
DC,DC,2022,676725,,2019.0,3.0
DC,DC,2023,687324,0.3,2019.0,4.0
DC,DC,2024,702250,,2019.0,5.0
Delaware,DE,2020,991928,,2018.0,2.0
Delaware,DE,2021,1005062,,2018.0,3.0
Delaware,DE,2022,1020625,,2018.0,4.0
Delaware,DE,2023,1036423,1.4,2018.0,5.0
Delaware,DE,2024,1051917,1.521032552948569,2018.0,6.0
Florida,FL,2020,21592035,,2023.0,-3.0
Florida,FL,2021,21831949,,2023.0,-2.0
Florida,FL,2022,22379312,,2023.0,-1.0
Florida,FL,2023,22904868,0.1,2023.0,0.0
Florida,FL,2024,23372215,0.05562160026338967,2023.0,1.0
Georgia,GA,2020,10732888,,,
Georgia,GA,2021,10792060,,,
Georgia,GA,2022,10931805,,,
Georgia,GA,2023,11064432,0.0,,
Georgia,GA,2024,11180878,0.03577536576286764,,
Hawaii,HI,2020,1451252,,,
Hawaii,HI,2021,1447029,,,
Hawaii,HI,2022,1440359,,,
Hawaii,HI,2023,1441387,0.0,,
Hawaii,HI,2024,1446146,0.0,,
Iowa,IA,2020,3191141,,2019.0,1.0
Iowa,IA,2021,3198613,,2019.0,2.0
Iowa,IA,2022,3202820,,2019.0,3.0
Iowa,IA,2023,3218414,0.9,2019.0,4.0
Iowa,IA,2024,3241488,0.9255008810768388,2019.0,5.0
Idaho,ID,2020,1849415,,,
Idaho,ID,2021,1904848,,,
Idaho,ID,2022,1944299,,,
Idaho,ID,2023,1971122,0.0,,
Idaho,ID,2024,2001619,0.0,,
Illinois,IL,2020,12799088,,2019.0,1.0
Illinois,IL,2021,12700641,,2019.0,2.0
Illinois,IL,2022,12621821,,2019.0,3.0
Illinois,IL,2023,12642259,0.8,2019.0,4.0
Illinois,IL,2024,12710158,0.7867722808795925,2019.0,5.0
Indiana,IN,2020,6790497,,2019.0,1.0
Indiana,IN,2021,6815907,,2019.0,2.0
Indiana,IN,2022,6844545,,2019.0,3.0
Indiana,IN,2023,6880131,0.4,2019.0,4.0
Indiana,IN,2024,6924275,0.4332583555679114,2019.0,5.0
Kansas,KS,2020,2938172,,2022.0,-2.0
Kansas,KS,2021,2938338,,2022.0,-1.0
Kansas,KS,2022,2937324,,2022.0,0.0
Kansas,KS,2023,2951500,0.3,2022.0,1.0
Kansas,KS,2024,2970606,0.639600135460576,2022.0,2.0
Kentucky,KY,2020,4508318,,2023.0,-3.0
Kentucky,KY,2021,4507583,,2023.0,-2.0
Kentucky,KY,2022,4519233,,2023.0,-1.0
Kentucky,KY,2023,4550595,0.0,2023.0,0.0
Kentucky,KY,2024,4588372,0.0,2023.0,1.0
Louisiana,LA,2020,4652301,,2022.0,-2.0
Louisiana,LA,2021,4627971,,2022.0,-1.0
Louisiana,LA,2022,4593687,,2022.0,0.0
Louisiana,LA,2023,4588071,0.7,2022.0,1.0
Louisiana,LA,2024,4597740,0.7829933837059077,2022.0,2.0
Massachusetts,MA,2020,6994598,,2023.0,-3.0
Massachusetts,MA,2021,7000474,,2023.0,-2.0
Massachusetts,MA,2022,7022468,,2023.0,-1.0
Massachusetts,MA,2023,7066568,3.2,2023.0,0.0
Massachusetts,MA,2024,7136171,4.217948252641367,2023.0,1.0
Maryland,MD,2020,6177935,,2020.0,0.0
Maryland,MD,2021,6179403,,2020.0,1.0
Maryland,MD,2022,6192440,,2020.0,2.0
Maryland,MD,2023,6217062,1.1,2020.0,3.0
Maryland,MD,2024,6263220,0.8142776399360073,2020.0,4.0
Maine,ME,2020,1364571,,2023.0,-3.0
Maine,ME,2021,1378931,,2023.0,-2.0
Maine,ME,2022,1390922,,2023.0,-1.0
Maine,ME,2023,1399646,0.1,2023.0,0.0
Maine,ME,2024,1405012,0.07117376933435444,2023.0,1.0
Michigan,MI,2020,10072703,,2021.0,-1.0
Michigan,MI,2021,10041351,,2021.0,0.0
Michigan,MI,2022,10050877,,2021.0,1.0
Michigan,MI,2023,10083356,0.3,2021.0,2.0
Michigan,MI,2024,10140459,0.27612162329141116,2021.0,3.0
Minnesota,MN,2020,5710735,,,
Minnesota,MN,2021,5718660,,,
Minnesota,MN,2022,5721621,,,
Minnesota,MN,2023,5753048,1.0,,
Minnesota,MN,2024,5793151,0.6041617075059842,,
Missouri,MO,2020,6154744,,2025.0,-5.0
Missouri,MO,2021,6171374,,2025.0,-4.0
Missouri,MO,2022,6179414,,2025.0,-3.0
Missouri,MO,2023,6208038,0.0,2025.0,-2.0
Missouri,MO,2024,6245466,0.03202323093264778,2025.0,-1.0
Mississippi,MS,2020,2958536,,,
Mississippi,MS,2021,2947209,,,
Mississippi,MS,2022,2941939,,,
Mississippi,MS,2023,2943172,0.0,,
Mississippi,MS,2024,2943045,0.03397841351389462,,
Montana,MT,2020,1087230,,,
Montana,MT,2021,1106522,,,
Montana,MT,2022,1122095,,,
Montana,MT,2023,1131302,0.0,,
Montana,MT,2024,1137233,0.0,,
North Carolina,NC,2020,10449652,,2023.0,-3.0
North Carolina,NC,2021,10564320,,2023.0,-2.0
North Carolina,NC,2022,10710793,,2023.0,-1.0
North Carolina,NC,2023,10881189,0.1,2023.0,0.0
North Carolina,NC,2024,11046024,0.09053031208333424,2023.0,1.0
North Dakota,ND,2020,779563,,,
North Dakota,ND,2021,777966,,,
North Dakota,ND,2022,781057,,,
North Dakota,ND,2023,789047,0.5,,
North Dakota,ND,2024,796568,0.7532313625453194,,
Nebraska,NE,2020,1963387,,,
Nebraska,NE,2021,1964537,,,
Nebraska,NE,2022,1972246,,,
Nebraska,NE,2023,1987864,1.6,,
Nebraska,NE,2024,2005465,1.5956399139351722,,
New Hampshire,NH,2020,1378756,,2020.0,0.0
New Hampshire,NH,2021,1387677,,2020.0,1.0
New Hampshire,NH,2022,1396678,,2020.0,2.0
New Hampshire,NH,2023,1402199,0.1,2020.0,3.0
New Hampshire,NH,2024,1409032,,2020.0,4.0
New Jersey,NJ,2020,9272794,,2018.0,2.0
New Jersey,NJ,2021,9270541,,2018.0,3.0
New Jersey,NJ,2022,9295227,,2018.0,4.0
New Jersey,NJ,2023,9379642,0.9,2018.0,5.0
New Jersey,NJ,2024,9500851,0.936758191450429,2018.0,6.0
New Mexico,NM,2020,2118606,,,
New Mexico,NM,2021,2117333,,,
New Mexico,NM,2022,2113868,,,
New Mexico,NM,2023,2121164,0.0,,
New Mexico,NM,2024,2130256,0.04694271486619449,,
Nevada,NV,2020,3116967,,2010.0,10.0
Nevada,NV,2021,3148141,,2010.0,11.0
Nevada,NV,2022,3176116,,2010.0,12.0
Nevada,NV,2023,3214363,0.7,2010.0,13.0
Nevada,NV,2024,3267467,0.7957234151102368,2010.0,14.0
New York,NY,2020,20105171,,2022.0,-2.0
New York,NY,2021,19848276,,2022.0,-1.0
New York,NY,2022,19703747,,2022.0,0.0
New York,NY,2023,19737367,0.5,2022.0,1.0
New York,NY,2024,19867248,0.4832073370202053,2022.0,2.0
Ohio,OH,2020,11798905,,2021.0,-1.0
Ohio,OH,2021,11767344,,2021.0,0.0
Ohio,OH,2022,11777874,,2021.0,1.0
Ohio,OH,2023,11824034,0.8,2021.0,2.0
Ohio,OH,2024,11883304,0.7910257955194953,2021.0,3.0
Oklahoma,OK,2020,3965415,,,
Oklahoma,OK,2021,3992238,,,
Oklahoma,OK,2022,4026229,,,
Oklahoma,OK,2023,4063882,0.2,,
Oklahoma,OK,2024,4095393,0.24417681038181197,,
Oregon,OR,2020,4243779,,2019.0,1.0
Oregon,OR,2021,4254280,,2019.0,2.0
Oregon,OR,2022,4247372,,2019.0,3.0
Oregon,OR,2023,4253653,1.8,2019.0,4.0
Oregon,OR,2024,4272371,2.1533710438536353,2019.0,5.0
Pennsylvania,PA,2020,12996143,,2018.0,2.0
Pennsylvania,PA,2021,13015571,,2018.0,3.0
Pennsylvania,PA,2022,12984990,,2018.0,4.0
Pennsylvania,PA,2023,13017721,0.5,2018.0,5.0
Pennsylvania,PA,2024,13078751,0.5199273233353858,2018.0,6.0
Rhode Island,RI,2020,1096530,,2019.0,1.0
Rhode Island,RI,2021,1097246,,2019.0,2.0
Rhode Island,RI,2022,1099498,,2019.0,3.0
Rhode Island,RI,2023,1103429,0.2,2019.0,4.0
Rhode Island,RI,2024,1112308,0.17980631264002417,2019.0,5.0
South Carolina,SC,2020,5132249,,,
South Carolina,SC,2021,5194274,,,
South Carolina,SC,2022,5287935,,,
South Carolina,SC,2023,5387830,0.0,,
South Carolina,SC,2024,5478831,0.01825206873510061,,
South Dakota,SD,2020,887948,,,
South Dakota,SD,2021,896492,,,
South Dakota,SD,2022,909723,,,
South Dakota,SD,2023,918305,0.4,,
South Dakota,SD,2024,924669,0.32444042138321927,,
Tennessee,TN,2020,6927904,,2019.0,1.0
Tennessee,TN,2021,6965740,,2019.0,2.0
Tennessee,TN,2022,7062217,,2019.0,3.0
Tennessee,TN,2023,7148304,0.2,2019.0,4.0
Tennessee,TN,2024,7227750,0.26287572204351284,2019.0,5.0
Texas,TX,2020,29239570,,,
Texas,TX,2021,29570351,,,
Texas,TX,2022,30113488,,,
Texas,TX,2023,30727890,0.0,,
Texas,TX,2024,31290831,0.0,,
Utah,UT,2020,3284077,,,
Utah,UT,2021,3339738,,,
Utah,UT,2022,3391011,,,
Utah,UT,2023,3443222,0.0,,
Utah,UT,2024,3503613,0.0,,
Virginia,VA,2020,8637615,,2021.0,-1.0
Virginia,VA,2021,8658910,,2021.0,0.0
Virginia,VA,2022,8683414,,2021.0,1.0
Virginia,VA,2023,8734685,0.2,2021.0,2.0
Virginia,VA,2024,8811195,0.2610315626881484,2021.0,3.0
Vermont,VT,2020,642977,,2024.0,-4.0
Vermont,VT,2021,647210,,2024.0,-3.0
Vermont,VT,2022,648142,,2024.0,-2.0
Vermont,VT,2023,648708,0.4,2024.0,-1.0
Vermont,VT,2024,648493,0.4626110073663093,2024.0,0.0
Washington,WA,2020,7727209,,2020.0,0.0
Washington,WA,2021,7743760,,2020.0,1.0
Washington,WA,2022,7794123,,2020.0,2.0
Washington,WA,2023,7857320,0.1,2020.0,3.0
Washington,WA,2024,7958180,0.1382225584241623,2020.0,4.0
Wisconsin,WI,2020,5897375,,2026.0,-6.0
Wisconsin,WI,2021,5881608,,2026.0,-5.0
Wisconsin,WI,2022,5903975,,2026.0,-4.0
Wisconsin,WI,2023,5930405,0.1,2026.0,-3.0
Wisconsin,WI,2024,5960975,0.06710311652036789,2026.0,-2.0
West Virginia,WV,2020,1791646,,2018.0,2.0
West Virginia,WV,2021,1785618,,2018.0,3.0
West Virginia,WV,2022,1774122,,2018.0,4.0
West Virginia,WV,2023,1770495,0.8,2018.0,5.0
West Virginia,WV,2024,1769979,,2018.0,6.0
Wyoming,WY,2020,577681,,2021.0,-1.0
Wyoming,WY,2021,579636,,2021.0,0.0
Wyoming,WY,2022,581978,,2021.0,1.0
Wyoming,WY,2023,585067,0.9,2021.0,2.0
Wyoming,WY,2024,587618,0.8508929270376333,2021.0,3.0
